Num_obs,rms,Arc_length,likely_or_possible_mislinkage,Principal_desig,assumed good instead of human labeled?
11,0.83,29,0,2022 OL72,
12,0.81,28,1,2016 CH425,
6,0.84,28,1,2000 QP240,
9,0.78,28,0,2023 FQ41,
8,0.48,28,1,2015 KD163,
13,0.95,46,0,2024 TE63,
12,0.85,21,1,2025 OJ42,
12,0.8,21,0,2022 TZ26,
12,0.84,25,1,2017 FV249,
11,0.78,24,1,2008 RX187,
11,0.83,22,1,2013 SL65,
7,0.46,28,1,2005 GE192,
8,0.8,26,0,2016 CP133,
12,0.96,43,0,2024 RA164,
11,0.39,29,1,2014 WQ236,
10,0.45,28,1,2006 BZ278,
12,0.91,28,1,2013 RF190,
9,0.81,25,1,2010 RQ228,
13,0.84,44,0,2024 OB7,
12,0.93,28,0,2021 UB97,
11,0.94,28,1,2022 HK25,
12,0.93,29,0,2022 MC14,
11,0.93,29,1,2022 TA54,
19,0.91,36,0,2025 HE35,
23,0.46,34,0,2023 QL38,
33,0.9,45,0,2022 SZ176,
14,0.47,27,0,2024 BR27,
10,0.26,10,0,2014 EJ14,
24,0.39,1,0,2014 WS7,
19,0.66,42,0,2022 SP188,
18,0.1,27,0,2015 PC278,
10,0.67,7,0,2020 BP183,
26,0.93,45,0,2023 CP3,
15,0.21,34,0,2014 KW86,
15,0.89,11,0,2022 UB47,
51,0.75,22,0,2022 XN,
15,0.61,12,0,2025 SP51,
11,0.96,12,0,2019 UW206,
26,0.41,6,0,2020 UD1,
41,0.44,4,0,2019 QS99,
47,0.35,7,0,2016 DN2,
95,0.11,5,0,2019 QO60,
14,1.06,14,0,2023 EG13,
15,0.9,9,0,2024 WV5,
50,0.16,2,0,2016 UZ225,
25,0.28,33,0,2015 HJ255,
12,1.01,14,0,2022 QF160,
29,0.76,3,0,2014 UR34,
30,0.13,4,0,2015 BO627,
20,0.55,79,0,2023 QM95,
19,0.34,97,0,2015 OP189,
24,0.19,2,0,2016 FD,
11,0.41,15,0,2018 BZ106,
52,0.84,39,0,2025 FJ6,
21,0.12,4,0,2015 KZ250,
62,0.34,10,0,2011 YQ1,
25,0.35,31,0,2023 QW22,
54,0.12,14,0,2023 MD4,
90,0.65,5,0,2021 ED,
13,0.22,15,0,2020 KL4,
6,0.05,5,0,2005 VP125,
40,0.24,3,0,2016 UR171,
56,0.78,8,0,2025 HE3,
12,0.15,49,0,2015 UB105,
10,1.05,31,0,2022 QX243,
8,0.52,11,0,2017 RG160,
20,0.69,39,0,2025 HB28,
42,0.95,91,0,2021 PT117,
31,0.27,36,0,2020 RU35,
23,0.31,31,0,2016 UZ47,
27,1.07,45,0,2021 TC69,
74,0.35,105,0,2017 QK35,
30,0.38,19,0,2022 QD8,
26,0.93,70,0,2024 JE52,
26,0.95,53,0,2024 TE47,
18,1.11,30,0,2022 SU146,
27,0.33,11,0,2023 XP3,
8,0.08,5,0,2025 HQ21,
8,0.1,3,0,2020 BT6,
9,0.1,5,0,2017 BP239,
30,0.75,4,0,2024 UB5,
22,0.74,4,0,2019 QB84,
39,0.05,4,0,2017 FO230,
23,0.86,3,0,2022 YE3,
14,0.89,10,0,2020 BX128,
10,0.22,8,0,2006 SS406,
46,0.33,82,0,2010 TQ54,
22,0.18,33,0,2021 RT66,
29,0.14,13,0,2019 QJ11,
78,0.08,30,0,2021 RA72,
17,0.75,84,0,2016 RX105,
30,0.05,4,0,2016 FT95,
30,0.11,4,0,2015 BZ625,
98,0.24,11,0,2025 MM15,
126,0.43,23,0,2019 LS5,
10,0.07,9,0,2017 RQ170,
24,0.17,4,0,2024 CB10,
34,0.17,5,0,2019 QB6,
45,1.05,86,0,2024 UX31,
18,0.09,37,0,2019 GF102,
69,0.37,192,0,2017 GS6,
10,0.46,8,0,2023 VU13,
51,0.77,117,0,2014 NC39,
14,0.08,33,0,2017 RV96,
29,0.42,7,0,2018 AY11,
35,0.14,2,0,2016 UN222,
21,0.15,4,0,2015 KP249,
33,0.34,54,0,2019 QS6,
22,0.33,78,0,2023 OU21,
14,0.21,27,0,2020 VX13,
10,0.41,8,0,2017 SX355,
129,0.53,8,0,2014 SX261,
9,0.59,8,0,2017 TF55,
37,0.87,23,0,2017 JY1,
54,0.72,32,0,2004 LD2,
8,0.28,7,0,2025 US76,
15,0.59,54,0,2021 DR12,
12,0.53,11,0,2017 CZ63,
36,0.25,28,0,2018 FA4,
16,0.74,80,0,2025 ST149,
58,0.5,8,0,2020 RQ3,
30,0.73,25,0,2021 SO1,
91,0.55,163,0,2013 QM10,
22,0.86,29,0,2021 SP7,
39,0.09,29,0,2021 GJ124,
15,0.75,54,0,2025 OH51,
10,0.14,9,0,2016 GY36,
10,0.15,9,0,2014 OE368,
7,0.94,8,0,2021 QL94,
9,0.51,8,0,2018 RU100,
28,0.86,47,0,2022 RA23,
43,0.73,7,0,1998 HM1,
20,0.18,38,0,2023 RL86,
10,0.53,8,0,2024 JE26,
17,0.46,62,0,2023 TR124,
24,0.21,36,0,2014 QV296,
22,0.17,12,0,2014 BF25,
46,0.87,15,0,2023 EV,
13,0.41,8,0,2015 DQ329,
14,0.71,62,0,2024 OK20,
13,0.23,47,0,2019 RF70,
14,0.5,61,0,2023 EX13,
25,0.57,25,0,2025 TO29,
9,0.11,7,0,2015 FC507,
9,0.09,7,0,2023 RR30,
30,0.81,30,0,2020 BT1,
14,0.67,61,0,2024 NR12,
35,0.42,23,0,2017 XZ1,
45,0.41,12,0,2025 SY6,
31,0.19,10,0,2017 BT242,
11,1.08,9,0,2021 QC94,
34,0.53,28,0,2025 QN60,
49,0.43,50,0,2007 VH184,
27,0.57,50,0,2025 WS4,
18,0.2,51,0,2020 UN29,
21,0.87,84,0,2022 EQ22,
10,0.74,11,0,2025 FH19,
36,0.53,12,0,2007 YN1,
26,0.8,80,0,2021 NA47,
30,0.8,53,0,2021 TB52,
32,0.81,54,0,2022 UZ86,
21,0.82,83,0,2024 MJ7,
18,0.09,48,0,2021 QN50,
25,0.23,17,0,2014 PA68,
24,0.74,13,0,2022 WR3,
179,0.61,207,0,2022 ET5,
29,0.71,25,0,2022 TX,
31,0.27,42,0,2021 UJ72,
34,0.9,15,0,2026 AB1,
15,0.08,51,0,2019 PH62,
18,0.17,95,0,2017 SY406,
7,0.27,9,0,2017 SX383,
7,0.27,9,0,2025 UC129,
47,0.41,16,0,2015 RU1,
14,0.16,78,0,2023 OU45,
46,0.63,92,0,2023 NF11,
49,0.04,8,0,2006 RP112,
25,0.47,16,0,2015 NG13,
69,0.19,87,0,2019 SK3,
30,0.18,48,0,2019 SP20,
41,0.32,101,0,2022 DO17,
23,0.03,9,0,2017 BR234,
7,0.11,8,0,2024 JW60,
22,0.5,27,0,2025 SF118,
27,0.4,69,0,2016 FE117,
27,0.62,108,0,2022 OM57,
21,0.64,80,0,2025 SO143,
20,0.26,60,0,2020 QD80,
22,1,8,0,2023 KG3,
49,0.26,135,0,2018 UW17,
47,0.28,56,0,2025 DO61,
17,0.09,79,0,2020 OS75,
29,0.44,61,0,2023 TG77,
22,0.43,73,0,2014 QN603,
122,0.2,139,0,2020 OK8,
14,0.29,49,0,2019 PU57,
21,0.31,54,0,2021 RP168,
15,0.01,79,0,2020 KC56,
25,0.66,14,0,2022 QO39,
21,0.2,52,0,2019 ND16,
34,0.58,176,0,2022 LW6,
23,0.6,83,0,2023 SU58,
30,0.21,27,0,2019 NV2,
59,0.24,93,0,2015 BH92,
23,0.3,81,0,2020 QB63,
35,0.3,98,0,2020 BC28,
23,0.27,96,0,2017 RR2,
34,0.26,86,0,2016 PA134,
10,1.44,11,0,2024 QY41,
30,0.68,10,0,2003 XZ12,
40,0.72,52,0,2023 SU10,
28,0.14,42,0,2019 SQ43,
31,0.16,40,0,2020 SN33,
24,0.15,47,0,2023 QS43,
21,0.13,62,0,2021 GK123,
22,0.19,62,0,2015 KG465,
21,0.72,42,0,2024 WN43,
21,0.11,49,0,2019 NN16,
10,1.17,8,0,2020 PC99,
427,0.09,62,0,2025 MM25,
38,0.65,65,0,2023 RJ42,
30,0.72,70,0,2022 PF24,
25,0.1,63,0,2020 PN33,
5,0.38,30,1,2002 GH177,
8,0.49,66,1,2003 MM13,
11,0.52,65,1,2007 TF279,
13,1.13,58,0,2017 BV240,
6,0.66,27,1,2017 EM57,
7,0.7,26,1,2017 JY13,
9,0.57,4,0,2017 PA92,
9,0.6,4,0,2017 SG394,
11,0.98,25,1,2018 AS83,
13,0.87,36,1,2018 PO107,
13,0.76,40,1,2018 PZ138,
17,0.44,5,0,2018 PU146,
10,0.9,29,1,2018 RX128,
13,0.94,76,0,2020 MN52,
10,0.99,33,1,2020 QB71,
11,0.96,63,0,2021 GP174,
5,0.16,3,0,2005 GW186,
12,0.36,2,0,2008 EF143,
9,0.22,3,0,2009 BU21,
11,1.34,25,1,2009 UX196,
14,0.77,25,1,2014 KH169,
16,0.31,24,1,2008 ES144,
10,0.21,3,0,2014 ER217,
11,0.17,3,0,2014 ED248,
14,0.16,3,0,2015 XQ232,
17,0.35,5,0,2016 UZ121,
12,0.17,2,0,2018 VE111,
11,0.31,5,0,2008 UH226,
11,0.71,47,1,2013 CA140,
16,0.6,24,1,2014 EV140,
10,0.54,4,0,2014 EQ197,
17,0.83,32,1,2015 BQ191,
17,0.19,4,0,2016 HM15,
13,0.89,2,0,2019 JK148,
15,0.19,28,0,2021 UA56,
11,0.73,3,0,2022 SE333,
10,0.45,24,1,2023 UT81,
17,1.05,32,0,2025 QP15,
11,0.9,31,0,2025 QU66,
7,1.09,37,1,2004 LX32,
20,0.25,3,0,2014 HW437,
20,0.25,4,0,2015 HG383,
10,1.17,25,1,2018 AM82,
8,0.28,30,1,2021 FV45,
11,0.22,33,1,2021 HQ25,
11,0.65,5,0,2022 SN335,
10,0.77,5,0,2023 SH90,
13,0.75,39,0,2025 TD66,
12,0.3,37,1,2008 DA87,
10,0.32,2,0,2013 CU57,
15,0.17,2,0,2015 HQ92,
13,0.13,8,0,2016 GD107,
10,0.5,3,1,2019 FV4,
9,0.16,20,1,2016 RF103,
9,1.34,37,1,2023 RE178,
12,0.61,23,1,2023 RT181,
11,0.4,20,1,2023 WA39,
6,0.12,23,1,2001 QU297,
14,1.06,28,0,2023 FH15,
11,0.85,8,0,2023 HE39,
12,0.43,15,0,2023 UQ87,
16,0.35,14,1,2006 JE41,
13,0.23,21,1,2006 XQ30,
12,0.81,2,0,2007 FU13,
12,0.48,36,1,2007 TD441,
15,0.26,60,0,2009 JC12,
15,0.56,15,1,2014 FM6,
17,0.15,53,0,2017 PZ20,
11,0,27,1,1997 CW29,
7,0.17,64,1,2004 OL12,
7,0.41,11,1,2005 GZ190,
30,0.76,16,0,2024 YH1,
25,0.4,37,0,2002 RS74,
13,0.94,54,1,2015 HV123,
18,0.31,29,0,2020 UL36,
13,0.18,30,0,2021 RR79,
9,0.49,13,0,2023 TQ147,
13,0.72,31,0,2024 QX30,
12,0.95,20,1,2024 RK153,
10,0.07,21,1,2014 EE114,
10,0.25,14,1,2017 UR47,
10,0.23,25,1,2017 XR16,
4,0.16,32,1,2023 FQ61,
17,0.35,14,0,2023 RR50,
11,0.5,34,0,2023 TU107,
11,0.72,7,0,2024 RX151,
14,0.68,18,0,2025 WW15,
15,0.44,7,0,2000 SG232,
8,0.32,66,1,2002 GN32,
4,0.14,32,1,2003 UQ292,
12,0.3,14,1,2005 UO529,
18,0.39,11,1,2014 QU387,
11,0.23,12,0,2016 DH9,
11,0.12,9,0,2016 GV47,
10,0.26,9,0,2016 GU70,
13,0.12,9,0,2016 GX71,
19,0.3,33,0,2019 SS99,
15,0.4,25,0,2016 PO279,
9,0.82,26,1,2020 RK176,
11,0.17,39,1,2021 GH129,
12,0.6,31,1,2021 UJ124,
9,0.88,39,1,2017 QD211,
8,0.79,25,1,2021 VH90,
13,0.71,35,0,2020 RX114,
18,0.51,23,0,2024 HA7,
15,0.64,30,1,2022 SJ237,
17,0.81,38,0,2016 RF108,
15,1,23,0,2020 VN25,
10,0.25,4,0,2012 VK152,
17,0.84,35,0,2020 PD85,
13,0.42,33,0,2025 XF18,
4,0.12,21,1,2000 CY105,
10,0.39,13,0,2018 RG98,
7,0.47,13,0,2018 RA117,
15,0.9,33,0,2022 OZ24,
14,0.3,16,0,2019 PT49,
13,0.78,36,0,2022 RN83,
20,0.36,13,0,2016 FG1,
19,0.87,3,1,2019 QG125,
13,0.95,53,0,2016 NJ205,
16,0.19,13,0,2020 RR81,
9,0.27,31,1,2023 TN92,
16,0.55,27,0,2016 CT159,
19,0.4,12,0,2013 TC,
13,0.48,25,0,2017 BS217,
12,0.16,33,0,2019 WX27,
16,0.18,22,0,2013 TE216,
18,0.8,32,0,2022 QA171,
8,0.74,34,1,2019 OW47,
18,0.96,28,0,2021 TH144,
19,0.39,14,0,2017 EM62,
12,0.72,41,0,2025 SP136,
13,0.77,13,0,2022 SD81,
18,0.77,34,0,2021 QK87,
11,0.36,14,0,2025 UJ24,
20,0.25,21,0,2018 VW135,
14,0.78,24,0,2022 RY38,
6,0.3,2,1,2002 PM153,
11,0.3,13,0,2022 QS46,
7,0.85,4,0,2018 BY63,
15,0.24,14,0,2016 SE94,
19,0.81,3,0,2024 SF3,
18,0.63,33,1,2021 SD90,
15,0.41,11,0,2015 FQ503,
16,0.65,23,0,2024 RS69,
11,0.94,33,1,2018 PZ147,
13,0.3,1,1,2011 CJ33,
15,0.84,37,1,2018 PP147,
12,0.17,23,0,2020 KG55,
9,0.17,30,0,2023 UM77,
6,0.25,4,0,2014 EK265,
14,0.81,26,0,2018 UC48,
18,0.83,34,0,2021 JS7,
10,1.09,24,1,2015 PA265,
12,0.83,29,1,2024 QE39,
18,0.83,25,0,2024 WF20,
20,0.97,65,0,2025 QG87,
14,0.86,11,0,2018 BW87,
16,0.27,31,0,2017 TA32,
15,0.27,7,0,2006 QK33,
15,0.62,13,0,2022 UQ50,
12,0.37,5,1,2012 BP116,
13,0.74,28,0,2015 KP335,
13,0.89,28,0,2022 KX8,
19,0.38,34,0,2016 RV19,
7,0.76,11,0,2021 VO87,
14,0.16,19,0,2015 PH188,
15,0.38,21,0,2012 VJ26,
17,0.6,25,0,2025 UG111,
14,0.6,7,0,2005 UA260,
15,0.33,14,0,2021 UX34,
9,0.91,31,1,2017 AM65,
16,0.88,32,0,2017 SL350,
10,0.79,21,1,2017 BA218,
12,0.86,16,0,2022 QA239,
12,0.55,48,0,2022 QY263,
16,0.87,29,0,2022 QY31,
9,1.32,69,0,2020 MU54,
18,0.33,37,0,2023 RL47,
20,0.85,11,0,2022 SL29,
13,0.85,52,0,2018 PL144,
15,0.94,37,1,2018 LA50,
11,0.81,40,0,2021 TU178,
17,0.13,19,0,2016 EU340,
17,0.97,1,0,2022 SE,
16,0.1,14,0,2019 KT37,
15,0.88,36,0,2018 PC101,
18,0.17,21,0,2017 DF177,
16,0.69,3,0,2014 HT409,
11,1.18,33,1,2017 SM389,
11,0.83,29,1,2012 FK119,
11,0.2,60,0,2015 UQ46,
19,0.76,20,0,2025 QT39,
15,0.58,32,0,2025 WX34,
12,0.86,28,0,2025 WW37,
12,0.94,36,0,2025 XD19,
11,0.4,21,0,2025 YZ8,
12,0.34,21,0,2025 YS11,
12,0.45,20,0,2025 YP13,
9,0.63,20,0,2025 YY14,
16,0.63,21,0,2025 YL15,
8,0.56,32,0,2025 VF11,
12,0.67,30,0,2025 VK16,
12,0.61,29,1,2025 VH17,
11,0.59,27,0,2025 VJ20,
12,0.64,30,0,2025 VE22,
10,0.29,30,0,2025 VO27,
10,0.36,26,0,2025 WT17,
11,1.04,23,1,2025 WE38,
6,0.4,3,0,2025 UY137,
6,0.38,3,0,2025 UR140,
7,0.41,3,0,2025 UY140,
7,0.37,3,0,2025 UA144,
7,0.38,1,0,2025 VL22,
9,0.38,24,0,2025 UL114,
10,0.39,24,0,2025 UW121,
10,0.75,25,0,2025 UY122,
11,0.62,24,0,2025 UL123,
9,0.76,25,0,2025 UM125,
12,0.35,28,0,2025 UW125,
9,0.43,28,0,2025 UG126,
12,0.45,38,0,2025 TP62,
12,0.45,39,0,2025 UO66,
11,0.44,37,0,2025 UB93,
15,0.87,39,0,2025 UN130,
13,0.87,39,0,2025 VH19,
11,0.99,33,0,2025 QJ72,
15,0.61,33,0,2025 QH75,
10,0.93,27,0,2025 RJ22,
10,0.98,24,0,2025 RG33,
11,0.96,28,0,2025 RX51,
15,0.63,33,0,2025 SO119,
10,0.24,18,0,2025 TF12,
14,0.61,37,0,2025 XF20,
11,1.18,22,1,2025 EN11,
9,0.9,35,0,2025 KF21,
9,0.83,20,0,2025 OM43,
11,1.18,27,1,2025 OU44,
13,1.21,24,0,2025 PZ4,
12,1.17,25,0,2025 QC47,
11,1.02,25,0,2025 QH60,
13,1.21,26,0,2025 QV65,
13,1.22,27,0,2025 RM26,
10,0.47,28,0,2025 SY130,
11,1.2,26,1,2025 TL62,
8,0.3,31,0,2025 UH104,
11,0.49,29,0,2025 UH129,
11,1.08,22,1,2024 WF98,
9,0.87,34,1,2024 WN98,
11,0.88,22,1,2024 XC30,
11,0.94,23,1,2024 XB46,
11,1.35,27,0,2024 YX27,
9,0.87,25,0,2024 YF48,
9,0.87,29,1,2024 YB51,
10,1.1,28,1,2024 YV51,
10,0.1,19,0,2015 AP305,
7,0.86,24,1,2022 QQ276,
19,0.76,36,0,2021 OM,
10,0.75,40,1,2017 RW159,
8,0.46,17,0,2019 RN95,
11,0.11,29,1,2015 KD81,
12,0.83,31,0,2024 RF149,
11,0.51,20,0,2019 HH15,
16,0.62,24,0,2022 PJ7,
10,1.05,33,1,2021 GB204,
19,0.31,32,1,2017 ES60,
12,0.89,23,1,2015 DY358,
8,0.62,35,1,2019 UJ147,
16,0.84,32,0,2022 QP176,
9,0.69,35,1,2020 PH105,
11,0.59,29,1,2011 HP40,
10,0.29,24,0,2016 LD103,
12,0.87,28,0,2022 QP73,
11,0.4,28,0,2015 DP359,
13,0.5,3,0,2013 TF279,
13,0.35,109,0,2013 PG127,
8,0.97,31,1,2017 AN65,
10,1.1,28,0,2025 RK25,
15,0.94,48,0,2025 RT38,
10,0.77,48,0,2025 RN50,
19,0.57,36,0,2025 SW113,
11,0.63,29,0,2025 SH126,
11,0.6,36,0,2025 SQ132,
9,0.62,29,0,2025 SZ132,
11,0.21,28,0,2025 TH59,
9,0.61,49,0,2025 TQ67,
12,0.91,22,0,2025 XL17,
11,0.91,55,0,2024 YG58,
10,0.3,29,1,2023 QF118,
17,0.63,29,0,2015 GX87,
8,0.78,32,1,2022 SG323,
13,0.79,35,1,2025 XL21,
11,0.37,89,0,2015 DG356,
14,0.83,24,0,2017 OH164,
11,0.93,24,1,2019 RN115,
12,0.85,26,0,2023 QN112,
11,0.35,18,1,2023 SN80,
16,0.37,5,0,2015 KF391,
10,0.91,36,1,2023 JW35,
15,0.86,36,0,2018 TF60,
11,1.05,34,0,2016 CC162,
12,0.83,36,1,2022 SW327,
12,0.44,26,0,2025 TV51,
10,0.47,40,0,2025 TG62,
8,0.65,28,0,2025 TO62,
10,0.83,38,0,2025 TY65,
10,0.83,35,0,2025 UF115,
9,0.45,25,0,2025 UR124,
9,0.65,37,0,2025 UQ125,
9,0.83,38,0,2025 WV7,
13,0.79,29,1,2020 PP112,
13,0.12,23,0,2020 HQ86,
16,0.31,21,0,2012 VR152,
12,0.78,37,1,2013 RN190,
10,0.07,32,1,2021 RK59,
11,0.61,20,1,2013 TC277,
14,0.66,30,0,2022 PC17,
11,0.75,38,1,2023 RW169,
11,0.45,21,1,2023 WM39,
10,0.34,88,0,2015 DY346,
10,0.12,37,0,2025 DA21,a
19,0.63,30,0,2025 DA22,a
13,0.35,32,0,2025 DD23,a
9,0.14,32,0,2025 DB24,a
16,0.35,16,0,2025 DE28,a
16,0.3,15,0,2025 DK28,a
13,0.76,23,0,2025 DE30,a
12,0.82,23,0,2025 DR30,a
12,0.1,31,0,2025 DR33,a
13,0.38,25,0,2025 DN39,a
19,0.85,64,0,2025 DF40,a
13,0.89,36,0,2025 DM42,a
11,0.25,16,0,2025 DB43,a
10,0.1,27,0,2025 DK43,a
11,0.27,25,0,2025 DM43,a
12,0.57,29,0,2025 DO44,a
11,0.24,52,0,2025 DQ44,a
11,0.45,24,0,2025 DD45,a
9,0.3,11,0,2025 DG45,a
12,0.11,27,0,2025 DV45,a
13,0.38,25,0,2025 DA46,a
12,0.3,24,0,2025 DD46,a
11,0.16,24,0,2025 DN46,a
8,0.15,24,0,2025 DQ46,a
10,0.7,30,0,2025 DW46,a
9,0.75,32,0,2025 DX46,a
13,0.99,22,0,2025 DG47,a
10,0.32,26,0,2025 DO47,a
10,0.78,23,0,2025 DR47,a
9,0.12,23,0,2025 DT47,a
20,0.96,71,0,2025 DP48,a
9,0.59,24,0,2025 DW48,a
12,0.11,24,0,2025 DM50,a
12,0.28,19,0,2025 DR50,a
11,0.12,24,0,2025 DH51,a
12,0.14,25,0,2025 DK51,a
17,0.86,37,0,2025 DQ51,a
9,0.69,23,0,2025 DV51,a
13,0.27,19,0,2025 DY51,a
12,0.35,25,0,2025 DN52,a
10,0.95,24,0,2025 DG53,a
20,0.94,51,0,2025 DL54,a
12,1.09,26,0,2025 DY54,a
12,1.19,27,0,2025 DQ55,a
12,0.97,27,0,2025 DY55,a
13,0.86,25,0,2025 DB56,a
10,0.67,29,0,2025 DJ56,a
17,0.91,66,0,2025 DK56,a
12,0.58,27,0,2025 DM56,a
13,0.76,31,0,2025 DP57,a
12,1.09,33,0,2025 DQ57,a
12,0.64,32,0,2025 DS57,a
13,0.94,35,0,2025 DV57,a
11,0.88,31,0,2025 DZ57,a
14,0.88,36,0,2025 DD58,a
14,1.08,37,0,2025 DE58,a
9,0.82,36,0,2025 DF58,a
15,0.91,37,0,2025 DL58,a
11,1.07,27,0,2025 DN58,a
10,0.58,35,0,2025 DO58,a
18,0.86,37,0,2025 DY58,a
11,0.62,25,0,2025 DA59,a
10,0.68,30,0,2025 DE59,a
9,0.75,29,0,2025 DO59,a
9,0.11,28,0,2025 DP59,a
8,0.2,23,0,2025 DA60,a
8,0.15,24,0,2025 DB60,a
11,1.15,32,0,2025 DJ60,a
11,0.87,28,0,2025 DK60,a
11,0.61,24,0,2025 DL60,a
11,0.91,29,0,2025 DM60,a
8,0.14,24,0,2025 DN60,a
11,0.84,25,0,2025 DO60,a
9,0.13,26,0,2025 DW60,a
9,0.71,28,0,2025 DX60,a
10,0.47,27,0,2025 DZ60,a
10,0.86,34,0,2025 DD61,a
9,0.77,24,0,2025 DF61,a
13,1.13,54,0,2025 DH61,a
17,0.89,67,0,2025 DJ62,a
13,0.91,66,0,2025 DR63,a
13,0.94,62,0,2025 DV63,a
12,0.55,29,0,2025 DR65,a
13,0.56,1,0,2025 EH,a
12,0.48,2,0,2025 ET,a
14,0.57,25,0,2025 EY,a
10,0.3,4,0,2025 EF1,a
19,0.61,2,0,2025 EL2,a
19,0.47,2,0,2025 EN2,a
13,0.79,35,0,2025 EY2,a
11,0.83,24,0,2025 EF3,a
14,0.32,37,0,2025 EP4,a
9,0.35,25,0,2025 EB5,a
10,0.09,25,0,2025 EL6,a
13,0.68,25,0,2025 EM7,a
11,0.11,18,0,2025 EB8,a
11,0.69,24,0,2025 EO8,a
11,1.03,28,0,2025 ET8,a
12,0.85,23,0,2025 EU8,a
18,0.85,22,0,2025 ER9,a
17,0.87,22,0,2025 ES9,a
10,0.65,23,0,2025 EG10,a
12,0.88,22,0,2025 EJ11,a
9,0.94,22,0,2025 EK11,a
9,0.9,22,0,2025 EL11,a
13,0.69,29,0,2025 EZ11,a
12,1.1,22,0,2025 EA12,a
10,1.07,22,0,2025 ES12,a
11,0.87,22,0,2025 ET12,a
10,1.06,22,0,2025 EV12,a
10,0.98,21,0,2025 EW12,a
11,0.73,22,0,2025 EY12,a
11,1.07,26,0,2025 EZ12,a
10,0.68,30,0,2025 EA13,a
9,0.98,28,0,2025 EB13,a
9,0.12,21,0,2025 ED13,a
14,0.84,50,0,2025 EG15,a
18,0.61,16,0,2025 FU1,a
18,0.66,2,0,2025 FE4,a
18,0.46,2,0,2025 FP4,a
18,0.64,8,0,2025 FE6,a
19,0.39,0,0,2025 FY6,a
19,0.48,2,0,2025 FM10,a
10,0.44,1,0,2025 FE11,a
19,0.49,2,0,2025 FC15,a
17,0.33,33,0,2025 FJ16,a
19,0.63,20,0,2025 FV16,a
10,0.45,2,0,2025 FW16,a
18,0.3,12,0,2025 FA17,a
10,0.84,27,0,2025 FL17,a
18,0.64,33,0,2025 FT17,a
11,0.29,2,0,2025 FB18,a
13,1.11,33,0,2025 FB19,a
12,0.79,36,0,2025 FN19,a
13,0.81,30,0,2025 FG21,a
13,0.88,35,0,2025 FU21,a
12,0.43,1,0,2025 FH25,a
12,0.62,35,0,2025 FH26,a
12,0.9,36,0,2025 FU27,a
10,0.44,3,0,2025 FY27,a
12,0.84,22,0,2025 FB28,a
11,0.77,21,0,2025 FM29,a
11,0.55,23,0,2025 FN29,a
18,0.82,33,0,2025 FB32,a
13,0.85,37,0,2025 FB33,a
11,0.17,39,0,2025 FG34,a
10,0.86,31,0,2025 FB35,a
13,0.83,31,0,2025 FC35,a
10,1.08,37,0,2025 FB36,a
12,0.84,37,0,2025 FE36,a
11,0.9,32,0,2025 FM36,a
11,0.58,36,0,2025 FO36,a
15,1.08,37,0,2025 FZ36,a
18,0.9,37,0,2025 FA37,a
13,0.92,35,0,2025 FG37,a
11,0.48,53,0,2025 FO37,a
12,0.82,33,0,2025 FQ37,a
9,0.34,36,0,2025 FD38,a
10,0.79,37,0,2025 FM38,a
14,0.84,33,0,2025 FR38,a
12,0.62,36,0,2025 FW38,a
12,0.94,37,0,2025 FB39,a
8,0.6,36,0,2025 FG40,a
8,0.33,37,0,2025 FH40,a
13,0.92,28,0,2025 FJ40,a
10,0.91,33,0,2025 FK40,a
13,0.7,33,0,2025 FQ40,a
19,1.17,54,0,2025 GH2,a
16,1.2,54,0,2025 GL2,a
11,0.76,24,0,2025 GT2,a
9,0.26,25,0,2025 GE4,a
11,0.75,26,0,2025 GH4,a
11,0.64,47,0,2025 GN4,a
18,0.76,2,0,2025 HZ2,a
18,0.4,2,0,2025 HW3,a
19,0.86,11,0,2025 HB4,a
19,0.65,3,0,2025 HW4,a
18,0.57,2,0,2025 HX4,a
12,0.38,25,0,2025 HJ7,a
8,0.21,36,0,2025 HX7,a
12,1.13,33,0,2025 HG9,a
16,0.79,32,0,2025 HD10,a
18,0.4,32,0,2025 HZ16,a
12,1.1,33,0,2025 HB18,a
13,0.61,25,0,2025 HP18,a
11,0.76,54,0,2025 HC21,a
16,0.57,31,0,2025 HQ24,a
20,0.55,36,0,2025 HS24,a
14,0.78,32,0,2025 HM25,a
13,0.98,36,0,2025 HS25,a
14,0.77,32,0,2025 HE26,a
13,0.89,33,0,2025 HU26,a
10,0.66,25,0,2025 HH29,a
17,1.19,66,0,2025 HS29,a
11,0.99,32,0,2025 HC31,a
13,0.83,37,0,2025 HJ31,a
13,0.98,33,0,2025 HK32,a
13,0.83,25,0,2025 HU33,a
8,0.5,25,0,2025 HD34,a
9,0.1,21,0,2025 HN34,a
13,1.15,35,0,2025 HL35,a
19,0.59,30,0,2025 HP36,a
11,0.15,21,0,2025 HK37,a
14,0.86,24,0,2025 HT37,a
13,1.1,28,0,2025 HL38,a
12,0.41,24,0,2025 HG39,a
12,0.62,24,0,2025 HK42,a
10,0.61,30,0,2025 HP43,a
20,0.86,37,0,2025 HA44,a
13,1.03,25,0,2025 HJ44,a
12,0.71,26,0,2025 HM44,a
9,0.63,33,0,2025 HL45,a
17,0.98,66,0,2025 HR45,a
17,0.86,32,0,2025 HX45,a
13,0.83,34,0,2025 HU46,a
19,0.41,32,0,2025 HX46,a
14,1.07,37,0,2025 HL47,a
12,0.98,34,0,2025 HP47,a
12,0.94,36,0,2025 HR47,a
13,0.76,32,0,2025 HU47,a
12,0.83,33,0,2025 HW47,a
12,1.34,36,0,2025 HX47,a
17,0.86,31,0,2025 HZ47,a
12,0.85,27,0,2025 HH48,a
14,0.84,33,0,2025 HL48,a
13,0.87,50,0,2025 HW48,a
11,0.74,49,0,2025 HY48,a
16,0.94,59,0,2025 HA49,a
10,0.81,29,0,2025 HX50,a
11,1.14,27,0,2025 HZ50,a
12,1.07,28,0,2025 JM1,a
12,0.42,2,0,2025 JP1,a
18,0.64,3,0,2025 JB2,a
9,0.44,21,0,2025 JS2,a
11,0.57,23,0,2025 JA3,a
17,0.59,29,0,2025 JD3,a
13,0.88,25,0,2025 JF3,a
14,0.87,22,0,2025 JG3,a
11,0.76,28,0,2025 JX3,a
14,1.2,51,0,2025 JF4,a
16,0.93,51,0,2025 JG4,a
14,0.63,30,0,2025 JY4,a
18,0.67,1,0,2025 KH,a
18,0.58,3,0,2025 KB2,a
19,0.46,32,0,2025 KO2,a
12,0.37,3,0,2025 KM3,a
12,0.28,3,0,2025 KN3,a
11,0.47,2,0,2025 KO3,a
11,0.37,2,0,2025 KT3,a
12,0.43,3,0,2025 KV3,a
10,0.47,3,0,2025 KY3,a
13,0.3,1,0,2025 KX4,a
19,0.58,12,0,2025 KA5,a
19,0.94,37,0,2025 KK5,a
12,1.04,27,0,2025 KA9,a
11,0.97,28,0,2025 KC9,a
12,0.95,36,0,2025 KM9,a
13,1.2,25,0,2025 KR9,a
12,0.77,36,0,2025 KC10,a
14,0.94,28,0,2025 KX11,a
12,1.01,27,0,2025 KG12,a
14,0.86,32,0,2025 KH12,a
13,0.84,24,0,2025 KL12,a
15,0.94,37,0,2025 KQ12,a
13,0.56,23,0,2025 KY12,a
13,0.88,29,0,2025 KQ13,a
13,0.88,38,0,2025 KV13,a
17,0.6,31,0,2025 KD14,a
18,0.59,31,0,2025 KP14,a
11,0.45,3,0,2025 KD15,a
10,0.44,3,0,2025 KG15,a
20,0.63,37,0,2025 KJ15,a
19,0.82,32,0,2025 KY15,a
12,1.18,23,0,2025 KK16,a
12,1.22,23,0,2025 KN16,a
10,0.62,19,0,2025 KC17,a
15,0.87,36,0,2025 KM17,a
16,0.64,30,0,2025 KO18,a
11,0.96,26,0,2025 KQ18,a
12,0.81,30,0,2025 KU18,a
12,0.79,26,0,2025 KC19,a
12,1.19,26,0,2025 KH19,a
12,0.77,30,0,2025 KL19,a
12,0.85,36,0,2025 KR19,a
15,0.83,37,0,2025 KT19,a
13,0.89,38,0,2025 KE20,a
13,0.87,35,0,2025 KU20,a
9,1.09,22,0,2025 KE21,a
15,0.94,60,0,2025 KC22,a
10,0.74,35,0,2025 KG23,a
6,0.45,11,0,2025 KZ24,a
8,0.29,1,0,2025 MG,a
18,0.77,11,0,2025 MW1,a
19,0.9,37,0,2025 MF91,a
13,0.92,23,0,2025 MM91,a
18,0.55,3,0,2025 MW91,a
14,0.57,24,0,2025 MA93,a
18,0.88,37,0,2025 ME93,a
13,0.94,37,0,2025 MO93,a
15,0.83,36,0,2025 MW93,a
11,0.93,37,0,2025 MX93,a
16,0.66,29,0,2025 MH94,a
12,0.59,27,0,2025 MW94,a
13,0.71,29,0,2025 MG95,a
14,0.83,32,0,2025 MP96,a
19,0.61,30,0,2025 MP99,a
12,0.45,22,0,2025 NQ2,a
12,0.39,25,0,2025 NN3,a
12,0.39,25,0,2025 NP3,a
10,1.13,22,0,2025 NA4,a
9,1.04,22,0,2025 NB4,a
20,0.96,71,0,2025 ND5,a
14,0.88,48,0,2025 NC7,a
19,0.85,72,0,2025 NO7,a
16,0.88,71,0,2025 NP7,a
19,0.87,70,0,2025 NZ7,a
13,0.83,54,0,2025 NF8,a
14,0.95,57,0,2025 NP8,a
11,0.61,53,0,2025 NW8,a
16,1.13,72,0,2025 NM9,a
16,0.94,70,0,2025 NN9,a
13,0.88,70,0,2025 NO9,a
14,0.87,70,0,2025 NP9,a
15,1.11,71,0,2025 NQ9,a
18,0.31,2,0,2025 OF1,a
18,0.35,2,0,2025 OH1,a
19,0.65,3,0,2025 OX1,a
20,0.64,2,0,2025 OZ2,a
12,0.28,2,0,2025 OB5,a
13,0.87,23,0,2025 OA6,a
15,0.94,37,0,2025 OM6,a
12,0.44,26,0,2025 OL7,a
13,1.03,21,0,2025 OS8,a
14,0.66,21,0,2025 OK9,a
18,0.5,14,0,2025 OX9,a
13,1.1,26,0,2025 OB10,a
17,0.82,31,0,2025 OK10,a
18,0.79,2,0,2025 OY10,a
19,0.46,3,0,2025 OE11,a
9,0.48,1,0,2025 OQ12,a
14,0.57,27,0,2025 OV13,a
14,0.91,36,0,2025 OL16,a
14,0.94,32,0,2025 OU16,a
17,0.76,32,0,2025 OZ16,a
11,0.29,3,0,2025 OD17,a
15,0.79,32,0,2025 OO17,a
13,0.81,30,0,2025 OR17,a
17,0.83,30,0,2025 OD19,a
18,0.85,21,0,2025 OE24,a
12,0.61,20,0,2025 OS24,a
12,0.55,20,0,2025 OJ25,a
13,0.6,21,0,2025 OK25,a
14,0.79,21,0,2025 OP25,a
13,1.03,21,0,2025 OT25,a
17,0.76,37,0,2025 OZ25,a
13,0.91,21,0,2025 OA26,a
13,0.79,21,0,2025 OG26,a
19,0.88,54,0,2025 OS26,a
12,0.99,34,0,2025 OY26,a
18,1.16,37,0,2025 OG27,a
12,0.71,31,0,2025 OV27,a
12,0.92,26,0,2025 OX27,a
11,0.81,32,0,2025 OG28,a
12,0.82,30,0,2025 OL28,a
18,0.84,32,0,2025 OZ28,a
13,0.93,36,0,2025 ON29,a
11,0.84,36,0,2025 OO29,a
13,0.83,28,0,2025 OR29,a
12,0.74,27,0,2025 OB30,a
12,0.96,37,0,2025 OQ30,a
12,0.83,28,0,2025 OC31,a
13,0.94,36,0,2025 OT31,a
14,0.94,37,0,2025 OX31,a
13,0.58,30,0,2025 ON32,a
13,0.88,36,0,2025 OS32,a
15,0.97,51,0,2025 OA33,a
12,0.62,30,0,2025 OB33,a
10,0.97,30,0,2025 OM33,a
12,0.8,29,0,2025 OD34,a
12,0.94,39,0,2025 OK35,a
11,1.15,31,0,2025 OL35,a
11,0.84,32,0,2025 OW35,a
12,0.7,31,0,2025 OG36,a
13,0.95,31,0,2025 OR36,a
19,1.15,51,0,2025 OB37,a
12,0.94,34,0,2025 OP38,a
14,0.96,33,0,2025 OX38,a
16,0.91,71,0,2025 OK40,a
15,0.92,51,0,2025 OZ40,a
11,0.94,36,0,2025 OW41,a
12,0.72,35,0,2025 OZ41,a
10,0.78,21,0,2025 OQ42,a
13,0.81,28,0,2025 OR42,a
10,0.7,20,0,2025 OS42,a
10,0.6,23,0,2025 OT42,a
8,0.81,22,0,2025 OU42,a
9,0.67,27,0,2025 OW42,a
11,0.86,21,0,2025 ON43,a
11,1.27,34,0,2025 OQ43,a
11,0.56,35,0,2025 OM44,a
14,0.57,27,0,2025 OR44,a
15,0.57,32,0,2025 OS44,a
15,0.92,51,0,2025 OZ44,a
16,0.89,65,0,2025 OK46,a
13,0.93,54,0,2025 OG47,a
19,0.99,67,0,2025 OO47,a
11,0.72,51,0,2025 OX48,a
13,0.91,51,0,2025 OC49,a
14,0.91,53,0,2025 OF49,a
17,0.94,59,0,2025 OX49,a
11,0.89,51,0,2025 OD50,a
16,1.2,51,0,2025 OF50,a
14,0.77,51,0,2025 OK50,a
14,0.94,60,0,2025 OV50,a
12,0.93,51,0,2025 OM51,a
13,0.88,67,0,2025 OF53,a
13,0.92,67,0,2025 ON54,a
14,0.66,34,0,2025 OA55,a
13,0.95,67,0,2025 OW55,a
15,0.84,36,0,2025 OM56,a
12,0.81,31,0,2025 ON56,a
19,0.76,1,0,2025 PD,a
18,0.65,19,0,2025 PT2,a
18,0.37,9,0,2025 PF3,a
19,0.58,14,0,2025 PJ3,a
12,0.82,24,0,2025 PW4,a
13,0.9,22,0,2025 PB5,a
19,0.57,31,0,2025 PA6,a
13,0.94,24,0,2025 PH6,a
12,1.07,27,0,2025 PY6,a
13,0.93,28,0,2025 PT7,a
12,0.92,27,0,2025 PQ9,a
12,1.03,27,0,2025 PL11,a
12,1.26,29,0,2025 PM11,a
12,0.8,22,0,2025 PY12,a
13,0.58,25,0,2025 PH13,a
11,1.16,29,0,2025 PO13,a
14,0.86,33,0,2025 PZ14,a
12,0.98,33,0,2025 PD15,a
15,1.18,70,0,2025 PU15,a
12,0.98,27,0,2025 PG16,a
14,0.92,50,0,2025 PM16,a
12,0.77,52,0,2025 PN16,a
17,0.97,72,0,2025 PR17,a
12,0.73,47,0,2025 PS17,a
19,0.59,4,0,2025 QC,a
9,0.27,2,0,2025 QH,a
13,0.27,15,0,2025 QJ,a
18,0.48,4,0,2025 QD5,a
12,0.85,26,0,2025 QL5,a
12,0.46,2,0,2025 QQ5,a
18,0.66,4,0,2025 QC6,a
11,0.44,1,0,2025 QH10,a
12,0.84,25,0,2025 QQ10,a
12,0.82,25,0,2025 QU10,a
14,0.85,21,0,2025 QG11,a
19,0.63,2,0,2025 QY11,a
18,0.57,16,0,2025 QZ11,a
16,0.82,32,0,2025 QN12,a
12,0.38,3,0,2025 QW12,a
19,0.45,3,0,2025 QK15,a
18,0.89,2,0,2025 QC18,a
11,0.38,14,0,2025 QT18,a
18,0.87,15,0,2025 QH19,a
17,0.83,31,0,2025 QS19,a
20,0.85,37,0,2025 QH20,a
12,0.92,28,0,2025 QP20,a
12,0.94,28,0,2025 QQ20,a
18,0.59,30,0,2025 QX24,a
13,0.81,27,0,2025 QJ26,a
13,0.75,22,0,2025 QW27,a
11,0.74,29,0,2025 QL28,a
15,0.61,31,0,2025 QT28,a
18,0.59,31,0,2025 QH29,a
13,0.78,33,0,2025 QL29,a
13,0.66,25,0,2025 QV29,a
19,0.31,30,0,2025 QW31,a
18,0.82,20,0,2025 QS32,a
20,0.59,30,0,2025 QP33,a
15,0.81,37,0,2025 QL34,a
23,0.33,32,0,2025 QP34,a
16,0.57,30,0,2025 QA35,a
13,0.81,27,0,2025 QV35,a
11,0.82,32,0,2025 QR36,a
11,0.75,22,0,2025 QJ37,a
13,0.88,29,0,2025 QF41,a
16,0.85,33,0,2025 QM41,a
7,0.37,16,0,2025 QQ41,a
12,0.39,30,0,2025 QQ42,a
12,0.82,24,0,2025 QG43,a
15,0.91,37,0,2025 QQ43,a
13,0.61,30,0,2025 QC45,a
14,0.34,32,0,2025 QO45,a
12,0.67,29,0,2025 QP45,a
13,0.76,32,0,2025 QS45,a
17,0.62,32,0,2025 QB46,a
13,0.74,20,0,2025 QK46,a
13,1.07,22,0,2025 QN46,a
15,0.64,20,0,2025 QO46,a
17,0.56,20,0,2025 QS46,a
18,0.51,32,0,2025 QW46,a
13,0.58,20,0,2025 QG47,a
12,0.5,20,0,2025 QN47,a
13,0.93,34,0,2025 QX47,a
9,0.79,20,0,2025 QZ47,a
10,1.05,29,0,2025 QC48,a
9,0.92,27,0,2025 QE48,a
17,0.88,32,0,2025 QL48,a
12,0.78,21,0,2025 QM48,a
12,0.5,20,0,2025 QO48,a
12,0.76,32,0,2025 QX48,a
13,0.62,21,0,2025 QB49,a
18,0.84,37,0,2025 QK49,a
13,0.91,21,0,2025 QO49,a
11,0.86,30,0,2025 QU49,a
13,0.62,25,0,2025 QV49,a
10,0.49,19,0,2025 QE50,a
15,0.86,36,0,2025 QM51,a
13,1.12,32,0,2025 QF52,a
20,0.94,65,0,2025 QR53,a
13,0.84,37,0,2025 QP54,a
13,0.96,37,0,2025 QV54,a
13,0.99,26,0,2025 QC56,a
13,0.97,26,0,2025 QD56,a
13,0.89,35,0,2025 QR56,a
17,0.9,37,0,2025 QD57,a
12,0.87,28,0,2025 QO57,a
14,0.64,27,0,2025 QY57,a
20,0.64,32,0,2025 QQ58,a
12,0.81,24,0,2025 QX59,a
13,1.15,35,0,2025 QP60,a
11,0.85,21,0,2025 QA61,a
13,0.8,26,0,2025 QM62,a
11,0.78,40,0,2025 QG63,a
15,0.99,37,0,2025 QN63,a
13,0.97,37,0,2025 QS63,a
16,0.94,37,0,2025 QC64,a
15,0.88,37,0,2025 QL64,a
12,0.88,38,0,2025 QS64,a
13,0.88,38,0,2025 QT64,a
16,0.6,31,0,2025 QW64,a
12,1.24,40,0,2025 QD65,a
14,0.6,29,0,2025 QN65,a
14,0.81,32,0,2025 QP65,a
13,0.81,31,0,2025 QX66,a
13,0.57,28,0,2025 QP67,a
15,0.56,25,0,2025 QG68,a
12,1.25,33,0,2025 QN68,a
11,0.72,33,0,2025 QW69,a
14,1.23,37,0,2025 QW70,a
12,0.99,37,0,2025 QJ71,a
13,0.96,35,0,2025 QQ71,a
14,0.97,37,0,2025 QC72,a
13,1.14,37,0,2025 QP72,a
12,1.07,33,0,2025 QT72,a
12,0.77,37,0,2025 QV72,a
12,0.67,37,0,2025 QL73,a
14,0.84,37,0,2025 QS73,a
12,0.96,33,0,2025 QT73,a
19,0.83,32,0,2025 QU73,a
13,0.88,34,0,2025 QX73,a
13,0.86,34,0,2025 QY73,a
18,0.85,33,0,2025 QZ73,a
16,0.83,51,0,2025 QA74,a
12,1.08,33,0,2025 QC74,a
13,1.1,34,0,2025 QQ74,a
13,0.86,35,0,2025 QR74,a
15,0.89,37,0,2025 QT74,a
11,0.15,33,0,2025 QU74,a
14,0.84,31,0,2025 QV74,a
12,0.55,30,0,2025 QA75,a
14,0.77,34,0,2025 QC75,a
13,0.82,36,0,2025 QJ75,a
13,0.98,37,0,2025 QO75,a
17,0.98,51,0,2025 QP75,a
11,0.89,36,0,2025 QH76,a
16,0.85,51,0,2025 QP76,a
13,0.66,40,0,2025 QV76,a
13,0.92,36,0,2025 QD77,a
17,0.98,69,0,2025 QP77,a
13,0.8,36,0,2025 QY77,a
10,0.69,31,0,2025 QQ78,a
19,0.48,34,0,2025 QT79,a
12,0.7,44,0,2025 QB80,a
17,0.87,54,0,2025 QP80,a
14,0.76,38,0,2025 QZ80,a
12,0.79,35,0,2025 QT81,a
17,0.89,72,0,2025 QX81,a
14,0.76,40,0,2025 QE82,a
12,0.96,34,0,2025 QG82,a
9,0.22,34,0,2025 QT82,a
12,0.42,30,0,2025 QC83,a
12,0.42,30,0,2025 QD83,a
12,0.57,26,0,2025 QO83,a
13,0.37,29,0,2025 QR83,a
16,0.57,18,0,2025 QW83,a
13,0.76,20,0,2025 QX83,a
13,0.79,28,0,2025 QA84,a
18,0.6,34,0,2025 QE84,a
13,0.81,37,0,2025 QT84,a
12,0.91,27,0,2025 QK85,a
15,1.17,37,0,2025 QS85,a
13,1.13,54,0,2025 QA88,a
13,0.84,65,0,2025 QG88,a
12,0.84,34,0,2025 QY88,a
16,1.1,72,0,2025 QM89,a
13,0.92,54,0,2025 QV89,a
14,0.88,49,0,2025 QX90,a
12,0.8,23,0,2025 QL91,a
12,0.68,35,0,2025 QM91,a
14,0.94,47,0,2025 QW91,a
14,0.87,50,0,2025 QH92,a
12,0.58,23,0,2025 QD93,a
14,0.76,50,0,2025 QM93,a
13,0.38,25,0,2025 QF94,a
19,0.85,65,0,2025 QP95,a
12,0.5,65,0,2025 QW96,a
12,0.71,54,0,2025 QJ97,a
12,0.35,65,0,2025 QR97,a
13,0.61,26,0,2025 QW97,a
11,0.71,38,0,2025 QY98,a
15,0.82,33,0,2025 QC99,a
11,0.74,49,0,2025 QE99,a
12,0.91,51,0,2025 QA106,a
10,0.25,15,0,2025 QH106,a
8,0.5,1,0,2025 RO,a
18,0.66,4,0,2025 RT,a
12,0.56,2,0,2025 RS2,a
14,0.56,1,0,2025 RT3,a
8,0.47,2,0,2025 RW5,a
6,0.44,2,0,2025 RG6,a
10,0.27,2,0,2025 RA7,a
12,0.56,23,0,2025 RP7,a
12,0.71,23,0,2025 RF10,a
11,0.41,20,0,2025 RW10,a
17,0.81,33,0,2025 RX10,a
13,0.56,27,0,2025 RV16,a
13,0.68,24,0,2025 RG17,a
11,0.81,24,0,2025 RZ21,a
13,0.79,28,0,2025 RV23,a
11,0.73,28,0,2025 RS24,a
10,0.84,26,0,2025 RN25,a
13,0.8,27,0,2025 RX25,a
13,1.1,27,0,2025 RC26,a
11,0.9,27,0,2025 RL26,a
18,0.34,14,0,2025 RT26,a
13,0.92,29,0,2025 RH27,a
12,0.42,26,0,2025 RZ28,a
13,0.86,31,0,2025 RF30,a
18,0.83,31,0,2025 RH30,a
12,0.7,31,0,2025 RE31,a
9,0.31,19,0,2025 RL31,a
13,0.79,32,0,2025 RD32,a
13,0.86,31,0,2025 RY34,a
13,0.84,28,0,2025 RZ34,a
19,0.86,32,0,2025 RM35,a
13,0.7,22,0,2025 RP35,a
14,0.76,21,0,2025 RS35,a
13,0.94,30,0,2025 RV36,a
16,0.32,34,0,2025 RH37,a
14,0.84,32,0,2025 RL37,a
17,0.97,70,0,2025 RC39,a
15,1.17,51,0,2025 RL40,a
14,0.85,31,0,2025 RX41,a
12,0.86,32,0,2025 RD42,a
13,0.95,35,0,2025 RE42,a
12,0.54,36,0,2025 RJ43,a
12,0.69,46,0,2025 RP43,a
14,0.82,32,0,2025 RU43,a
14,0.76,46,0,2025 RC44,a
16,0.81,37,0,2025 RJ44,a
19,0.94,56,0,2025 RN44,a
14,0.9,49,0,2025 RN47,a
15,0.83,54,0,2025 RJ48,a
14,0.76,41,0,2025 RO48,a
12,0.33,47,0,2025 RY48,a
11,0.69,49,0,2025 RB49,a
12,0.79,54,0,2025 RE49,a
12,0.85,51,0,2025 RG49,a
14,0.64,37,0,2025 RH49,a
11,0.7,53,0,2025 RK49,a
11,0.86,38,0,2025 RO49,a
9,0.51,54,0,2025 RU49,a
8,0.52,40,0,2025 RW49,a
12,0.56,51,0,2025 RX49,a
10,0.68,36,0,2025 RM50,a
10,0.74,43,0,2025 RO50,a
10,0.94,38,0,2025 RR50,a
14,0.86,70,0,2025 RY50,a
13,0.77,25,0,2025 RW51,a
14,0.88,47,0,2025 RB52,a
14,0.95,69,0,2025 RP52,a
16,0.91,65,0,2025 RD53,a
15,0.56,31,0,2025 RV55,a
9,0.49,1,0,2025 SD1,a
9,0.47,2,0,2025 SC2,a
17,0.86,30,0,2025 SP2,a
18,0.67,2,0,2025 SV5,a
12,0.85,27,0,2025 SL9,a
15,0.3,3,0,2025 SQ11,a
11,0.46,2,0,2025 SK12,a
19,0.56,12,0,2025 SD14,a
20,0.45,31,0,2025 SG14,a
18,0.77,3,0,2025 SW14,a
18,0.86,4,0,2025 SL22,a
19,0.64,12,0,2025 SQ27,a
12,0.81,34,0,2025 SW28,a
18,0.58,11,0,2025 SK33,a
18,0.57,16,0,2025 SL34,a
18,0.57,25,0,2025 SD38,a
20,0.62,32,0,2025 SK38,a
11,0.43,3,0,2025 SL38,a
10,0.79,25,0,2025 SY38,a
18,0.39,12,0,2025 SR39,a
20,0.3,32,0,2025 SC41,a
18,0.35,30,0,2025 SE41,a
14,0.66,26,0,2025 SO42,a
18,0.66,14,0,2025 SA43,a
19,0.86,18,0,2025 SC46,a
12,0.34,24,0,2025 ST46,a
19,0.32,11,0,2025 SS48,a
11,0.61,19,0,2025 SJ51,a
18,0.57,18,0,2025 SC53,a
12,0.31,25,0,2025 SH54,a
18,0.54,32,0,2025 SS54,a
12,0.92,20,0,2025 ST55,a
18,0.64,18,0,2025 SQ58,a
14,0.77,19,0,2025 SQ60,a
19,0.47,31,0,2025 SM61,a
16,1.19,51,0,2025 SL62,a
11,0.65,24,0,2025 SA64,a
12,0.74,32,0,2025 SP68,a
12,0.35,23,0,2025 SZ70,a
17,0.63,18,0,2025 SR74,a
19,0.57,31,0,2025 SD75,a
11,0.87,19,0,2025 SG75,a
12,0.59,23,0,2025 SL75,a
11,0.74,19,0,2025 SY75,a
13,0.97,25,0,2025 SB76,a
11,0.6,19,0,2025 SS76,a
12,0.43,19,0,2025 SU76,a
12,0.82,18,0,2025 SA78,a
15,0.59,29,0,2025 SA80,a
10,0.78,19,0,2025 SB82,a
14,0.8,32,0,2025 SJ83,a
15,0.59,33,0,2025 SB86,a
18,0.64,29,0,2025 SK86,a
18,0.47,30,0,2025 SQ86,a
10,0.66,19,0,2025 SR86,a
9,0.35,22,0,2025 SL88,a
18,0.31,8,0,2025 SL89,a
16,0.59,30,0,2025 SZ89,a
13,0.53,29,0,2025 ST93,a
13,1.12,28,0,2025 SV94,a
14,0.59,30,0,2025 SB97,a
12,0.37,22,0,2025 SB100,a
12,0.3,14,0,2025 SE100,a
15,0.59,23,0,2025 SE101,a
12,0.37,19,0,2025 SJ101,a
17,0.83,32,0,2025 SP101,a
17,0.68,32,0,2025 SZ101,a
17,0.57,19,0,2025 SL102,a
12,0.54,19,0,2025 SN107,a
19,0.61,30,0,2025 SZ108,a
20,0.63,30,0,2025 SS109,a
18,0.6,29,0,2025 SW109,a
18,0.56,30,0,2025 SW110,a
20,0.46,30,0,2025 SH114,a
20,0.54,32,0,2025 SW114,a
20,0.59,32,0,2025 SK115,a
18,0.62,33,0,2025 ST115,a
18,0.45,31,0,2025 SD116,a
17,0.56,30,0,2025 SG116,a
19,0.35,33,0,2025 SN116,a
15,0.59,33,0,2025 SR116,a
15,0.63,22,0,2025 SQ118,a
16,0.33,35,0,2025 SA119,a
20,0.34,30,0,2025 SM119,a
19,0.45,30,0,2025 SE120,a
13,0.56,25,0,2025 SX120,a
13,0.56,28,0,2025 SG121,a
16,0.58,31,0,2025 SQ121,a
14,0.82,32,0,2025 SU121,a
15,0.58,26,0,2025 SE122,a
16,0.44,30,0,2025 SF122,a
12,0.64,35,0,2025 SP122,a
13,0.56,28,0,2025 SR122,a
15,0.57,30,0,2025 ST122,a
17,0.57,31,0,2025 SX122,a
15,0.61,30,0,2025 SY122,a
15,0.6,30,0,2025 SZ122,a
15,0.66,25,0,2025 SN123,a
17,0.63,33,0,2025 SF124,a
13,0.47,29,0,2025 SW124,a
12,0.75,40,0,2025 SX124,a
12,0.57,34,0,2025 SZ124,a
13,0.35,32,0,2025 SA125,a
14,0.84,29,0,2025 SC125,a
11,0.42,36,0,2025 SE125,a
12,0.72,38,0,2025 SF125,a
12,0.61,28,0,2025 SG125,a
12,0.46,21,0,2025 SH125,a
11,0.69,31,0,2025 SM125,a
11,0.42,30,0,2025 SO125,a
13,0.82,20,0,2025 SP125,a
14,0.6,23,0,2025 SQ125,a
11,0.83,26,0,2025 SR125,a
12,0.39,25,0,2025 SV125,a
13,0.31,33,0,2025 SX125,a
12,0.86,32,0,2025 SC126,a
13,0.77,33,0,2025 SF126,a
19,0.32,36,0,2025 SL126,a
12,0.42,26,0,2025 SM126,a
12,0.3,34,0,2025 SO126,a
12,0.71,39,0,2025 SQ126,a
12,0.41,33,0,2025 ST126,a
12,0.67,31,0,2025 SU126,a
12,0.58,26,0,2025 SV126,a
11,0.57,27,0,2025 SW126,a
12,0.61,26,0,2025 SX126,a
11,0.47,28,0,2025 SY126,a
11,0.41,26,0,2025 SZ126,a
11,0.66,28,0,2025 SB127,a
12,0.5,37,0,2025 SG127,a
15,0.46,30,0,2025 SJ127,a
11,0.38,36,0,2025 SQ127,a
12,0.78,33,0,2025 SS127,a
16,0.34,34,0,2025 ST127,a
12,0.28,37,0,2025 SU127,a
11,0.42,27,0,2025 SZ127,a
16,0.35,34,0,2025 SA128,a
13,0.34,22,0,2025 SB128,a
11,0.53,39,0,2025 SC128,a
11,0.4,26,0,2025 SD128,a
11,0.56,28,0,2025 SG128,a
18,0.63,29,0,2025 SQ128,a
9,0.59,27,0,2025 SU128,a
10,0.57,23,0,2025 SX128,a
9,0.68,21,0,2025 SA129,a
13,0.67,21,0,2025 SC129,a
10,0.53,22,0,2025 SF129,a
12,0.21,33,0,2025 SH129,a
12,0.8,22,0,2025 SO129,a
14,0.57,33,0,2025 SS129,a
9,0.79,27,0,2025 SW129,a
10,0.52,31,0,2025 SY129,a
10,0.52,22,0,2025 SC130,a
9,0.36,34,0,2025 SE130,a
10,0.41,34,0,2025 SG130,a
9,0.45,27,0,2025 SJ130,a
9,0.66,25,0,2025 SL130,a
9,0.68,22,0,2025 SM130,a
10,0.48,34,0,2025 SR130,a
9,0.42,31,0,2025 SS130,a
9,0.54,33,0,2025 SX130,a
10,0.53,31,0,2025 SZ130,a
9,0.57,25,0,2025 SA131,a
9,0.56,20,0,2025 SD131,a
10,0.45,28,0,2025 SE131,a
9,0.52,29,0,2025 SH131,a
9,0.48,34,0,2025 SK131,a
9,0.39,22,0,2025 SL131,a
9,0.76,24,0,2025 SM131,a
12,0.68,21,0,2025 SQ131,a
9,0.46,20,0,2025 SV131,a
9,0.43,23,0,2025 SC132,a
12,0.66,30,0,2025 SD132,a
11,0.57,18,0,2025 SS132,a
9,0.72,29,0,2025 SX132,a
9,0.58,28,0,2025 SA133,a
11,0.19,19,0,2025 SC133,a
9,0.39,20,0,2025 SD133,a
9,0.43,19,0,2025 SE133,a
9,0.46,19,0,2025 SG133,a
10,0.59,20,0,2025 SH133,a
9,0.43,21,0,2025 SK133,a
9,0.85,27,0,2025 SM133,a
8,0.52,31,0,2025 SP133,a
9,0.43,25,0,2025 SS133,a
10,0.57,39,0,2025 SU133,a
9,0.89,38,0,2025 SC134,a
9,0.29,32,0,2025 SD134,a
10,0.28,21,0,2025 SE134,a
9,0.45,22,0,2025 SF134,a
9,0.42,22,0,2025 SH134,a
11,0.24,21,0,2025 SK134,a
9,0.78,34,0,2025 SL134,a
9,0.39,21,0,2025 SN134,a
7,0.75,28,0,2025 SP134,a
10,0.55,34,0,2025 SQ134,a
11,0.55,34,0,2025 SR134,a
10,0.43,21,0,2025 ST134,a
9,0.67,22,0,2025 SU134,a
9,0.68,22,0,2025 SX134,a
9,0.71,23,0,2025 SY134,a
12,0.66,31,0,2025 SM135,a
10,0.52,22,0,2025 ST135,a
10,0.45,34,0,2025 SU135,a
11,0.43,34,0,2025 SV135,a
11,0.57,40,0,2025 SW135,a
13,0.86,35,0,2025 SY135,a
11,0.4,21,0,2025 SA136,a
11,0.57,19,0,2025 SR136,a
12,0.56,18,0,2025 SS136,a
9,0.56,29,0,2025 SR137,a
9,0.38,23,0,2025 ST137,a
12,0.57,38,0,2025 SU137,a
14,0.86,50,0,2025 SE139,a
14,0.76,37,0,2025 SH141,a
13,0.88,69,0,2025 SM142,a
15,0.86,54,0,2025 SA143,a
8,0.54,63,0,2025 SP143,a
11,0.76,41,0,2025 SA146,a
18,0.36,32,0,2025 SA148,a
15,0.88,69,0,2025 SJ150,a
13,0.29,3,0,2025 SD151,a
12,0.27,3,0,2025 SJ151,a
10,0.43,3,0,2025 SO151,a
12,0.29,11,0,2025 SO153,a
11,0.49,3,0,2025 SG155,a
12,0.29,5,0,2025 SO156,a
12,0.59,68,0,2025 SB157,a
19,0.64,18,0,2025 TJ,a
20,0.94,1,0,2025 TP,a
12,0.56,2,0,2025 TT,a
10,0.56,2,0,2025 TD1,a
18,0.84,2,0,2025 TE1,a
19,0.91,3,0,2025 TF1,a
19,0.64,17,0,2025 TX9,a
12,0.46,2,0,2025 TC12,a
10,0.28,14,0,2025 TG12,a
18,0.75,3,0,2025 TK12,a
12,0.68,35,0,2025 TG14,a
15,0.66,23,0,2025 TO17,a
12,0.4,19,0,2025 TY19,a
17,0.58,18,0,2025 TZ25,a
15,0.66,25,0,2025 TB27,a
15,0.59,25,0,2025 TL32,a
11,0.52,40,0,2025 TG36,a
17,0.57,24,0,2025 TW43,a
20,0.57,32,0,2025 TH44,a
18,0.84,14,0,2025 TG45,a
12,0.52,19,0,2025 TT46,a
15,0.64,24,0,2025 TU48,a
12,0.38,14,0,2025 TV48,a
14,0.61,22,0,2025 TM49,a
13,0.56,27,0,2025 TP49,a
13,0.64,23,0,2025 TF50,a
13,0.57,27,0,2025 TH50,a
11,0.26,18,0,2025 TP50,a
14,0.77,26,0,2025 TX50,a
12,0.35,17,0,2025 TF51,a
10,0.37,11,0,2025 TL51,a
12,0.52,18,0,2025 TP51,a
12,0.74,27,0,2025 TX51,a
12,0.2,35,0,2025 TK52,a
11,0.43,22,0,2025 TS52,a
11,0.6,25,0,2025 TB53,a
11,0.49,22,0,2025 TF53,a
11,0.39,22,0,2025 TK53,a
11,0.46,22,0,2025 TL53,a
8,0.37,11,0,2025 TJ54,a
13,0.94,25,0,2025 TW54,a
10,0.66,22,0,2025 TH55,a
12,0.6,25,0,2025 TJ55,a
12,0.72,32,0,2025 TB56,a
9,0.46,25,0,2025 TE56,a
10,1.01,25,0,2025 TG56,a
8,0.28,15,0,2025 TW56,a
9,0.51,18,0,2025 TD57,a
9,0.53,24,0,2025 TJ57,a
9,0.26,23,0,2025 TM57,a
12,0.79,20,0,2025 TZ57,a
10,0.61,25,0,2025 TC59,a
10,0.47,26,0,2025 TF59,a
9,0.28,20,0,2025 TY59,a
10,0.75,28,0,2025 TC60,a
13,0.82,30,0,2025 TE64,a
17,0.84,51,0,2025 TD65,a
9,0.58,27,0,2025 TL65,a
9,0.45,51,0,2025 TM66,a
14,0.95,52,0,2025 TK67,a
18,0.96,67,0,2025 TJ68,a
15,0.56,17,0,2025 TL68,a
14,0.78,20,0,2025 TM69,a
13,0.77,53,0,2025 TO71,a
13,0.93,68,0,2025 TQ71,a
14,0.82,66,0,2025 TT71,a
15,0.94,68,0,2025 TU72,a
13,0.94,68,0,2025 TZ73,a
6,0.3,5,0,2025 TV74,a
6,0.37,5,0,2025 TD75,a
6,0.35,11,0,2025 TJ75,a
6,0.32,11,0,2025 TK75,a
15,0.91,69,0,2025 TU76,a
18,0.95,1,0,2025 UH1,a
20,0.86,3,0,2025 UV2,a
18,0.76,2,0,2025 UP3,a
16,0.59,23,0,2025 UM6,a
18,0.66,2,0,2025 UL17,a
18,0.52,1,0,2025 UX18,a
19,0.59,13,0,2025 UM21,a
18,0.54,13,0,2025 UX21,a
18,0.56,14,0,2025 UC22,a
16,0.34,36,0,2025 UA23,a
18,0.38,14,0,2025 UM23,a
13,0.67,20,0,2025 UR23,a
18,0.65,13,0,2025 UD24,a
20,0.54,35,0,2025 UR24,a
18,0.41,32,0,2025 UJ25,a
20,0.39,33,0,2025 UP26,a
18,0.85,11,0,2025 UT26,a
11,0.46,21,0,2025 UK28,a
9,0.57,22,0,2025 UO28,a
18,0.54,16,0,2025 UM30,a
16,0.63,29,0,2025 UR30,a
15,0.58,31,0,2025 UF32,a
15,0.62,30,0,2025 UY32,a
20,0.43,35,0,2025 UY34,a
19,0.63,13,0,2025 UA35,a
20,0.53,36,0,2025 UU38,a
18,0.77,12,0,2025 UC39,a
18,0.54,13,0,2025 UL39,a
18,0.47,11,0,2025 UO39,a
18,0.48,11,0,2025 UW39,a
20,0.34,11,0,2025 UQ40,a
18,0.58,11,0,2025 UX40,a
18,0.56,10,0,2025 UY40,a
18,0.51,12,0,2025 UG41,a
19,0.61,14,0,2025 UV41,a
19,0.64,17,0,2025 UZ41,a
18,0.58,14,0,2025 UF42,a
20,0.44,35,0,2025 UP43,a
18,0.42,11,0,2025 UC44,a
18,0.48,32,0,2025 UL44,a
18,0.53,11,0,2025 UO44,a
19,0.41,32,0,2025 UP45,a
19,0.47,34,0,2025 UX45,a
18,0.57,12,0,2025 UA46,a
13,0.64,18,0,2025 UD46,a
18,0.53,13,0,2025 UA47,a
20,0.52,34,0,2025 UB47,a
20,0.44,35,0,2025 UL47,a
18,0.53,11,0,2025 UH48,a
18,0.63,13,0,2025 UK48,a
12,0.3,13,0,2025 UE50,a
19,0.58,33,0,2025 UK50,a
12,0.38,11,0,2025 UV50,a
19,0.46,37,0,2025 UC52,a
16,0.34,14,0,2025 UD53,a
12,0.37,11,0,2025 UM53,a
15,0.59,27,0,2025 UQ55,a
16,0.57,23,0,2025 UR56,a
12,0.3,5,0,2025 UT56,a
20,0.55,36,0,2025 UF57,a
12,0.39,11,0,2025 UU57,a
17,0.85,32,0,2025 UT60,a
18,0.44,30,0,2025 UT62,a
12,0.56,23,0,2025 UE64,a
16,0.6,29,0,2025 UF64,a
13,0.64,25,0,2025 UL64,a
15,0.61,29,0,2025 UM64,a
14,0.6,34,0,2025 UN64,a
12,0.45,30,0,2025 UN65,a
10,0.3,11,0,2025 UN68,a
10,0.3,11,0,2025 UB69,a
14,0.57,28,0,2025 UG69,a
12,0.49,36,0,2025 UV71,a
11,0.39,11,0,2025 UN72,a
16,0.35,34,0,2025 UX72,a
12,0.56,37,0,2025 UG74,a
11,0.35,14,0,2025 UV74,a
12,0.54,33,0,2025 UO78,a
14,0.59,26,0,2025 UV79,a
14,0.59,27,0,2025 UG80,a
12,0.3,4,0,2025 UH81,a
11,0.42,3,0,2025 UM81,a
11,0.48,3,0,2025 UP81,a
11,0.37,3,0,2025 UR81,a
11,0.42,3,0,2025 UT82,a
8,0.5,3,0,2025 UA86,a
10,0.51,23,0,2025 UB86,a
12,0.51,29,0,2025 UP86,a
8,0.5,3,0,2025 UW87,a
12,0.49,35,0,2025 UJ88,a
13,0.38,24,0,2025 UF90,a
8,0.3,11,0,2025 UA92,a
12,0.34,27,0,2025 UV93,a
8,0.37,11,0,2025 UG94,a
7,0.5,11,0,2025 UR94,a
12,0.39,5,0,2025 UO96,a
12,0.56,2,0,2025 UK97,a
8,0.3,11,0,2025 UD100,a
12,0.46,24,0,2025 UA102,a
20,0.47,31,0,2025 UW102,a
7,0.5,3,0,2025 UB104,a
12,0.38,3,0,2025 UB105,a
7,0.3,9,0,2025 UE105,a
12,0.48,2,0,2025 UJ105,a
13,0.38,24,0,2025 UE106,a
12,0.62,18,0,2025 UU108,a
14,0.77,19,0,2025 UY110,a
10,0.69,25,0,2025 UC111,a
13,0.77,32,0,2025 UX111,a
13,0.69,33,0,2025 UF113,a
9,0.52,29,0,2025 UG113,a
12,0.42,26,0,2025 UM113,a
11,0.59,33,0,2025 UV114,a
10,0.66,19,0,2025 UC115,a
9,0.69,30,0,2025 UE115,a
10,0.42,27,0,2025 UG115,a
13,0.3,36,0,2025 UJ115,a
11,0.77,27,0,2025 UL115,a
15,0.84,36,0,2025 UE117,a
12,0.7,32,0,2025 UR117,a
11,0.39,27,0,2025 UK118,a
14,0.57,24,0,2025 UX119,a
9,0.26,35,0,2025 UA120,a
17,0.57,29,0,2025 UO120,a
12,0.59,24,0,2025 US120,a
16,0.63,30,0,2025 UM121,a
9,0.23,35,0,2025 US121,a
9,0.38,23,0,2025 UY121,a
11,0.35,25,0,2025 UA122,a
13,0.66,25,0,2025 UF122,a
14,0.57,31,0,2025 UL122,a
13,0.6,33,0,2025 UN122,a
12,0.65,37,0,2025 UO122,a
10,0.58,32,0,2025 UQ122,a
11,0.71,39,0,2025 UA123,a
15,0.85,36,0,2025 UG123,a
14,0.61,25,0,2025 UH123,a
15,0.78,37,0,2025 UN123,a
11,0.23,36,0,2025 UX123,a
12,0.61,51,0,2025 UP124,a
12,0.87,28,0,2025 UB125,a
11,0.57,25,0,2025 UN125,a
12,0.89,40,0,2025 UA126,a
11,0.69,37,0,2025 UH126,a
12,0.69,28,0,2025 UO126,a
11,0.46,27,0,2025 UQ126,a
11,0.46,26,0,2025 UT126,a
12,0.52,40,0,2025 UN127,a
10,0.62,40,0,2025 UO127,a
9,0.27,40,0,2025 UQ127,a
14,0.84,29,0,2025 US127,a
17,0.82,32,0,2025 UO128,a
11,0.78,24,0,2025 UL129,a
12,0.62,37,0,2025 UN129,a
17,0.89,51,0,2025 UY129,a
13,0.69,28,0,2025 US130,a
19,0.84,68,0,2025 UE131,a
14,0.83,54,0,2025 UQ131,a
10,0.23,39,0,2025 UB135,a
14,0.79,36,0,2025 UF135,a
6,0.3,11,0,2025 UT135,a
6,0.34,11,0,2025 UX135,a
6,0.35,11,0,2025 UY135,a
6,0.42,3,0,2025 UG136,a
6,0.41,12,0,2025 UQ136,a
6,0.41,11,0,2025 UP137,a
6,0.48,11,0,2025 UR137,a
6,0.3,8,0,2025 UX138,a
6,0.3,4,0,2025 UZ139,a
6,0.37,5,0,2025 UD140,a
6,0.3,6,0,2025 UG140,a
6,0.44,3,0,2025 UQ140,a
6,0.29,3,0,2025 US140,a
7,0.42,11,0,2025 UW140,a
6,0.31,11,0,2025 UX141,a
6,0.29,13,0,2025 UC142,a
6,0.33,11,0,2025 UF142,a
6,0.35,5,0,2025 UQ142,a
6,0.48,3,0,2025 UD143,a
6,0.3,4,0,2025 UE143,a
6,0.5,3,0,2025 UT143,a
6,0.44,3,0,2025 UX143,a
8,0.5,3,0,2025 UC144,a
20,0.52,34,0,2025 VJ,a
19,0.55,1,0,2025 VU3,a
18,0.74,3,0,2025 VJ5,a
18,0.84,14,0,2025 VX5,a
19,0.61,14,0,2025 VY5,a
19,0.85,68,0,2025 VV6,a
12,0.41,18,0,2025 VU8,a
19,0.63,16,0,2025 VV8,a
8,0.49,32,0,2025 VB10,a
12,0.63,18,0,2025 VB11,a
13,0.69,37,0,2025 VZ11,a
12,0.27,17,0,2025 VB13,a
13,0.58,24,0,2025 VC16,a
12,0.35,15,0,2025 VH18,a
12,0.38,11,0,2025 VN18,a
18,0.52,13,0,2025 VT18,a
8,0.35,14,0,2025 VG19,a
19,0.91,70,0,2025 VT19,a
13,0.6,27,0,2025 VA20,a
10,0.29,15,0,2025 VF21,a
12,0.73,30,0,2025 VV21,a
20,0.47,31,0,2025 VA22,a
14,0.64,27,0,2025 VB22,a
13,0.78,18,0,2025 VX23,a
18,0.63,29,0,2025 VH24,a
14,0.76,34,0,2025 VM25,a
11,0.93,29,0,2025 VY26,a
12,0.45,30,0,2025 VZ28,a
12,0.72,34,0,2025 VB29,a
19,0.85,37,0,2025 VK30,a
15,0.59,32,0,2025 VL30,a
14,0.86,31,0,2025 VW30,a
11,0.8,35,0,2025 VE31,a
13,0.76,41,0,2025 VA32,a
5,0.11,38,0,2025 VR33,a
10,0.46,3,0,2025 VQ34,a
19,0.57,12,0,2025 WB1,a
13,0.37,5,0,2025 WT5,a
11,0.96,37,0,2025 WX5,a
11,0.96,39,0,2025 WX6,a
18,0.84,13,0,2025 WN10,a
19,0.59,29,0,2025 WS10,a
18,0.61,2,0,2025 WV13,a
19,0.63,11,0,2025 WX13,a
19,0.61,16,0,2025 WF14,a
14,0.79,21,0,2025 WB15,a
13,0.6,23,0,2025 WQ18,a
12,0.9,23,0,2025 WK19,a
13,0.67,23,0,2025 WM19,a
13,0.7,24,0,2025 WW22,a
16,0.58,18,0,2025 WB23,a
11,0.83,18,0,2025 WV23,a
12,0.79,21,0,2025 WW23,a
14,0.59,20,0,2025 WX23,a
12,0.96,21,0,2025 WA24,a
17,0.85,18,0,2025 WD24,a
14,0.58,21,0,2025 WH24,a
13,0.75,23,0,2025 WY25,a
14,0.64,29,0,2025 WP26,a
13,1.08,24,0,2025 WA27,a
13,0.8,20,0,2025 WB27,a
11,0.73,19,0,2025 WT27,a
14,0.77,21,0,2025 WW27,a
14,0.63,23,0,2025 WB28,a
13,0.9,21,0,2025 WF28,a
17,0.68,32,0,2025 WJ29,a
12,0.83,21,0,2025 WL29,a
15,0.57,23,0,2025 WO29,a
13,1.08,26,0,2025 WT29,a
13,0.88,24,0,2025 WU29,a
17,0.6,24,0,2025 WE31,a
13,0.56,26,0,2025 WN31,a
12,0.92,29,0,2025 WO31,a
14,0.58,33,0,2025 WU34,a
13,0.84,27,0,2025 WZ34,a
14,0.64,31,0,2025 WB35,a
13,0.77,31,0,2025 WC35,a
13,0.66,31,0,2025 WF35,a
17,0.87,33,0,2025 WH35,a
13,0.81,31,0,2025 WK35,a
13,0.79,33,0,2025 WM35,a
18,0.33,30,0,2025 WQ35,a
13,0.6,29,0,2025 WR35,a
13,0.7,40,0,2025 WD38,a
10,0.92,19,0,2025 WF38,a
11,0.43,3,0,2025 WL38,a
6,0.41,5,0,2025 WQ38,a
6,0.3,3,0,2025 WY38,a
6,0.47,3,0,2025 WC39,a
7,0.33,14,0,2025 WL39,a
14,0.79,54,0,2025 WP42,a
13,0.9,50,0,2025 WA43,a
12,0.69,52,0,2025 WH43,a
18,0.81,1,0,2025 XA1,a
9,0.49,2,0,2025 XW1,a
11,0.46,1,0,2025 XG3,a
19,0.61,5,0,2025 XD5,a
19,0.9,3,0,2025 XX6,a
12,0.39,5,0,2025 XH7,a
14,0.83,33,0,2025 XK7,a
17,0.79,32,0,2025 XS7,a
14,0.84,33,0,2025 XO11,a
17,0.83,31,0,2025 XU11,a
19,0.85,33,0,2025 XX13,a
15,0.82,33,0,2025 XJ15,a
11,0.67,31,0,2025 XB16,a
14,0.77,32,0,2025 XY18,a
13,0.78,35,0,2025 XL19,a
16,0.64,32,0,2025 XM19,a
11,0.54,34,0,2025 XN19,a
14,0.85,36,0,2025 XA20,a
13,1.04,37,0,2025 XD20,a
14,0.73,37,0,2025 XG20,a
12,0.74,37,0,2025 XH20,a
19,0.86,2,0,2025 YM,a
20,0.61,1,0,2025 YP1,a
18,0.75,2,0,2025 YM2,a
18,0.62,2,0,2025 YN2,a
18,0.57,4,0,2025 YB5,a
17,0.61,31,0,2025 YY5,a
18,0.57,1,0,2025 YK6,a
16,0.63,30,0,2025 YO6,a
12,0.57,37,0,2025 YR9,a
20,0.61,32,0,2025 YG10,a
13,0.77,23,0,2025 YP10,a
16,0.57,20,0,2025 YA11,a
14,0.61,24,0,2025 YM11,a
18,0.83,37,0,2025 YT13,a
13,0.83,23,0,2025 YB15,a
17,0.77,25,0,2025 YE15,a
13,0.85,21,0,2025 YR15,a
20,0.48,37,0,2025 YT15,a
7,0.47,2,0,2025 YV15,a
13,0.62,22,0,2025 YL16,a
14,0.6,28,0,2025 YE17,a
15,0.64,22,0,2025 YH17,a
16,0.82,33,0,2025 YN17,a
13,0.69,29,0,2025 YO17,a
13,0.34,25,0,2025 YQ17,a
13,0.62,23,0,2025 YS17,a
14,0.87,29,0,2025 YV17,a
20,0.63,30,0,2025 YL18,a
14,0.64,24,0,2025 YM18,a
15,0.61,24,0,2025 YQ18,a
15,0.56,25,0,2025 YD19,a
14,0.82,25,0,2025 YE19,a
15,0.77,31,0,2025 YF19,a
14,0.86,25,0,2025 YG19,a
13,0.79,25,0,2025 YJ19,a
12,0.42,18,0,2025 YT19,a
12,0.57,18,0,2025 YU19,a
13,0.85,23,0,2025 YV19,a
11,0.74,27,0,2025 YZ19,a
13,0.8,28,0,2025 YB20,a
14,0.34,36,0,2025 YJ20,a
12,0.39,26,0,2025 YS20,a
15,0.23,21,1,2021 GV162,
9,0.93,31,1,2006 BO304,
9,0.88,47,0,2015 PN105,
8,0.77,29,1,2022 QC272,
10,0.44,26,1,2023 KK13,
13,0.11,20,0,2023 QH16,
16,0.19,20,0,2020 UP40,
8,1.11,23,1,2018 YR27,
10,0.17,20,1,2012 BM97,
11,0.92,20,1,2012 LG33,
11,0.06,20,0,2012 PV56,
11,0.19,20,1,2012 TX297,
10,0.19,20,1,2012 UR3,
11,0.2,20,1,2012 US96,
9,1.03,28,1,2022 SE323,
9,0.88,26,1,2022 QD270,
9,0.93,26,1,2018 NN10,
17,0.13,21,0,2016 GK362,
10,1.17,26,1,2018 UP55,
12,0.23,30,0,2022 QW261,
11,0.76,40,1,2024 RA203,
9,1.08,30,1,2017 SL396,
11,0.31,33,1,2019 UO185,
11,0.3,28,1,2023 SH83,
8,0.82,27,0,2019 LR37,
11,0.44,30,1,2017 HX113,
18,0.27,32,0,2015 DE329,
10,0.91,26,1,2015 AL100,
10,0.32,30,1,2023 QS115,
10,0.23,25,1,2023 VJ44,
16,0.17,18,1,2017 QC55,
10,0.25,27,1,2015 PW246,
10,1.2,38,0,2021 TT148,
11,0.98,21,0,2021 VE98,
10,0.99,20,0,2020 OV125,
11,0.6,29,0,2014 OD487,
9,0.89,35,0,2022 QO235,
11,0.27,27,1,2013 AK134,
10,0.94,30,1,2015 RB390,
11,0.78,29,0,2018 RS134,
10,0.99,29,1,2015 RW389,
11,0.95,21,0,2019 RC115,
12,0.34,29,1,2023 SK78,
17,0.23,20,0,2015 XM282,
8,0.28,31,1,2021 NU75,
10,0.1,32,1,2021 GC131,
11,0.17,21,0,2024 AD19,
9,0.44,31,0,2015 KS434,
11,0.99,28,1,2018 KL25,
9,1.09,35,1,2018 ND59,
10,1.09,28,1,2019 MO43,
10,0.94,37,1,2019 KF78,
11,0.32,27,1,2014 KO38,
9,0.9,36,1,2022 OC82,
11,0.4,29,1,2016 GW374,
10,0.14,28,1,2014 QO233,
10,1.04,28,0,2019 SE215,
14,0.27,24,0,2014 KW172,
10,0.93,30,1,2020 AT29,
8,0.91,24,0,2025 BB14,
8,1.03,29,1,2025 CD15,
10,0.9,24,1,2025 CJ15,
10,1.12,25,1,2025 CS15,
10,0.34,31,0,2025 DW13,
11,0.12,29,0,2025 DE17,
11,0.17,28,0,2025 DP17,
10,0.26,28,0,2025 DV17,
10,0.08,29,0,2025 DE18,
10,0.1,29,0,2025 DW19,
8,0.26,28,0,2025 JT3,
10,0.2,29,0,2023 WQ46,
11,0.44,26,1,2023 XJ30,
11,0.3,27,1,2023 XK30,
9,0.27,29,1,2023 XJ31,
8,0.79,29,1,2023 XA44,
11,0.32,29,1,2023 YA3,
10,0.18,29,1,2020 HW66,
10,0.9,30,1,2015 KF363,
10,1.12,21,0,2020 UF71,
10,0.25,25,1,2021 JL40,
16,0.11,21,0,2021 HC25,
9,1.02,39,1,2020 KQ57,
11,0.07,26,0,2022 AL19,
10,0.89,26,1,2014 OL486,
9,0.85,29,1,2015 RJ389,
10,0.98,33,1,2018 NX62,
10,1.02,29,1,2020 PF106,
10,0.99,24,1,2017 FC250,
8,1.15,25,1,2024 SN58,
11,0.31,85,0,2021 VW94,
8,0.83,39,1,2019 SB259,
5,0.49,28,1,2003 UZ381,
10,0.3,24,0,2017 CW63,
10,1.01,54,0,2022 QF238,
6,0.47,21,1,2016 RO104,
11,0.12,27,1,2015 PF147,
11,0.88,26,1,2016 EU381,
8,0.84,25,1,2022 CR38,
10,1.01,29,1,2011 UD506,
6,0.53,21,1,2016 RP104,
11,0.05,29,0,2021 RF84,
9,0.39,29,1,2016 GS374,
10,0.87,37,1,2021 PF199,
11,1.2,27,1,2017 YU69,
11,0.93,22,0,2021 FR55,
10,1.01,28,1,2018 FM75,
10,0.17,33,1,2015 TL30,
17,0.31,32,0,2019 VO54,
9,0.77,39,1,2021 PD219,
11,0.94,21,0,2022 WJ38,
10,1.03,28,1,2015 RU389,
9,0.44,24,0,2013 RB183,
9,0.96,39,1,2023 RH179,
9,0.96,72,0,2020 OE145,
9,0.79,29,1,2018 TE79,
15,0.22,20,0,2012 WV22,
10,0.87,35,1,2017 DE173,
11,0.34,36,1,2019 VA59,
8,0.91,23,1,2023 HC40,
8,0.79,28,1,2017 YO77,
53,0.67,83,0,2008 BJ22,
32,0.58,50,0,2001 BV70,
12,0.68,22,1,2009 VW92,
13,0.38,16,0,2007 VB146,
52,0.42,39,0,2015 BC566,
48,0.66,29,0,2025 VZ8,
39,0.92,27,0,2025 HV38,
9,0.38,24,1,2017 VJ70,
14,0.86,34,1,2014 FR97,
32,0.65,137,0,2019 OE31,
9,0.34,19,0,2002 GR31,
10,0.47,19,1,2006 EQ73,
22,0.46,35,0,2009 FP8,
20,0.37,13,0,2017 FB9,
24,0.85,101,0,2021 AY8,
10,0.32,13,1,2011 DR35,
16,0.2,14,0,2024 SY79,
14,0.98,30,0,2025 WW35,
14,0.36,31,0,2014 WL185,
16,0.26,14,0,2024 SX79,
13,0.78,15,0,2024 TS82,
16,0.31,143,1,2020 BO57,
12,0.6,34,1,2008 SL297,
14,1.15,56,0,2022 PH33,
11,0.68,15,0,2026 AS16,
27,0.53,88,0,2002 CW116,
12,0.25,13,0,2013 RO63,
46,0.47,107,0,2018 BJ11,
10,0.08,64,1,2014 OE94,
13,0.36,23,0,2023 UX43,
11,0.26,13,0,2005 UY451,
14,0.28,25,0,2014 ER176,
13,0.73,13,0,2013 AM,
15,0.57,33,1,2014 WP143,
14,0.11,30,0,2019 GX101,
13,0.49,28,1,2014 KE172,
13,0.19,12,0,2017 VD8,
16,0.47,31,0,2016 VK62,
11,0.41,27,0,2008 XR70,
12,0.82,13,0,2012 TV407,
12,0.43,25,1,2009 UP125,
12,0.51,28,1,2007 RS62,
11,1.01,20,1,2019 RS115,
7,0.36,20,1,2016 VC70,
11,0.43,28,1,2023 SW57,
10,1.06,23,0,2022 QM249,
10,0.12,29,1,2014 QA166,
10,0.87,23,1,2018 RP128,
10,0.27,27,1,2006 DD174,
4,0.17,25,1,2004 TW357,
4,0.16,21,1,2000 CP105,
12,0.21,19,0,2012 XK149,